{
  "_generated": "Generated by SweetTooth, do not edit",
  "description": "You need to install envycontrol(https://github.com/geminis3/envycontrol) for making this extension working. This is a simple gnome-shell extension which provides a simple way to switch between GPU profiles on Nvidia Optimus systems (i.e laptops with Intel + Nvidia or AMD + Nvidia configurations) in a few clicks.",
  "name": "GPU profile selector",
  "shell-version": [
    "3.36",
    "3.38",
    "40",
    "41",
    "42"
  ],
  "url": "https://github.com/LorenzoMorelli/GPU_profile_selector",
  "uuid": "GPU_profile_selector@lorenzo9904.gmail.com",
  "version": 11
}