<?xml version="1.0" encoding="UTF-8"?>
<interface>
    <requires lib="gtk" version="4.0"/>

    <object class="GtkBox" id="prefs_widget">       
        <child>
            <object class="GtkGrid">
                <property name="margin-top">18</property>
                <property name="margin-start">18</property>
                <property name="margin-end">18</property>
                <property name="margin-bottom">18</property>
                <property name="row-spacing">18</property>
                <property name="row-homogeneous">false</property>
                <property name="orientation">vertical</property>

                <child>
                    <object class="GtkBox">
                        <property name="orientation">vertical</property>
                        <property name="spacing">6</property>
                        
                        <child>
                            <object class="GtkLabel">
                                <property name="label" translatable="yes">Hybrid</property>
                                <property name="hexpand">true</property>
                                <property name="halign">1</property>
                                <attributes>
                                    <attribute name="weight" value="PANGO_WEIGHT_BOLD"/>
                                </attributes>
                            </object>
                        </child>

                        <child>
                            <object class="GtkBox">
                                <property name="spacing">12</property>
                                <property name="margin-start">12</property>
                                <child>
                                    <object class="GtkLabel">
                                        <property name="label" translatable="yes">RTD3</property>
                                        <property name="hexpand">true</property>
                                        <property name="halign">1</property>
                                    </object>
                                </child>
                                <child>
                                    <object class="GtkSwitch" id="field_rtd3">
                                        <property name="active">true</property>
                                    </object>
                                </child>
                            </object>
                        </child>
                    </object>
                </child>

                <child>
                    <object class="GtkBox">
                        <property name="orientation">vertical</property>
                        <property name="spacing">6</property>
                        <child>
                            <object class="GtkLabel">
                                <property name="label" translatable="yes">Nvidia</property>
                                <property name="hexpand">true</property>
                                <property name="halign">1</property>
                                <attributes>
                                    <attribute name="weight" value="PANGO_WEIGHT_BOLD"/>
                                </attributes>
                            </object>
                        </child>

                        <child>
                            <object class="GtkBox">
                                <property name="spacing">12</property>
                                <property name="margin-start">12</property>
                                <child>
                                    <object class="GtkLabel">
                                        <property name="label" translatable="yes">Force Composition Pipeline</property>
                                        <property name="hexpand">true</property>
                                        <property name="halign">1</property>
                                    </object>
                                </child>
                                <child>
                                    <object class="GtkSwitch" id="field_force_composition_pipeline">
                                        <property name="active">true</property>
                                    </object>
                                </child>
                            </object>
                        </child>

                        <child>
                            <object class="GtkBox">
                                <property name="spacing">12</property>
                                <property name="margin-start">12</property>
                                <child>
                                    <object class="GtkLabel">
                                        <property name="label" translatable="yes">Coolbits</property>
                                        <property name="hexpand">true</property>
                                        <property name="halign">1</property>
                                    </object>
                                </child>
                                <child>
                                    <object class="GtkSwitch" id="field_coolbits">
                                        <property name="active">true</property>
                                    </object>
                                </child>
                            </object>
                        </child>
                    </object>
                </child>
            </object>
        </child>
    </object>
</interface>